item_id,tier,sample,answer
mocd3b68a,T3,0,A
mocd3b68a,T3,1,A
mocd3b68a,T3,2,A
mocd3b68a,T3,3,A
mocd3b68a,T3,4,A
mocd3b68a,T3,5,A
mocd3b68a,T3,6,A
mocd3b68a,T3,7,A
mocd3b68a,T3,8,A
mocd3b68a,T3,9,A
mocd3b68a,T3,10,A
mocd3b68a,T3,11,A
mocd3b68a,T3,12,A
mocd3b68a,T3,13,A
mocd3b68a,T3,14,A
mocd3b68a,T3,15,A
moc870195,T3,0,A
moc870195,T3,1,A
moc870195,T3,2,A
moc870195,T3,3,A
moc870195,T3,4,A
moc870195,T3,5,A
moc870195,T3,6,A
moc870195,T3,7,A
moc870195,T3,8,A
moc870195,T3,9,A
moc870195,T3,10,A
moc870195,T3,11,A
moc870195,T3,12,A
moc870195,T3,13,A
moc870195,T3,14,A
moc870195,T3,15,A
moc94c655,T3,0,A
moc94c655,T3,1,A
moc94c655,T3,2,A
moc94c655,T3,3,A
moc94c655,T3,4,A
moc94c655,T3,5,A
moc94c655,T3,6,A
moc94c655,T3,7,A
moc94c655,T3,8,A
moc94c655,T3,9,A
moc94c655,T3,10,A
moc94c655,T3,11,A
moc94c655,T3,12,A
moc94c655,T3,13,A
moc94c655,T3,14,A
moc94c655,T3,15,A
moc25b621,T3,0,A
moc25b621,T3,1,A
moc25b621,T3,2,A
moc25b621,T3,3,A
moc25b621,T3,4,A
moc25b621,T3,5,A
moc25b621,T3,6,A
moc25b621,T3,7,A
moc25b621,T3,8,A
moc25b621,T3,9,A
moc25b621,T3,10,A
moc25b621,T3,11,A
moc25b621,T3,12,A
moc25b621,T3,13,A
moc25b621,T3,14,A
moc25b621,T3,15,A
moc84c631,T3,0,A
moc84c631,T3,1,A
moc84c631,T3,2,A
moc84c631,T3,3,A
moc84c631,T3,4,A
moc84c631,T3,5,A
moc84c631,T3,6,A
moc84c631,T3,7,A
moc84c631,T3,8,A
moc84c631,T3,9,A
moc84c631,T3,10,A
moc84c631,T3,11,A
moc84c631,T3,12,A
moc84c631,T3,13,A
moc84c631,T3,14,A
moc84c631,T3,15,A
moc0dc108,T3,0,A
moc0dc108,T3,1,A
moc0dc108,T3,2,A
moc0dc108,T3,3,A
moc0dc108,T3,4,A
moc0dc108,T3,5,A
moc0dc108,T3,6,A
moc0dc108,T3,7,A
moc0dc108,T3,8,A
moc0dc108,T3,9,A
moc0dc108,T3,10,A
moc0dc108,T3,11,A
moc0dc108,T3,12,A
moc0dc108,T3,13,A
moc0dc108,T3,14,A
moc0dc108,T3,15,A
moc40b605,T3,0,A
moc40b605,T3,1,A
moc40b605,T3,2,A
moc40b605,T3,3,A
moc40b605,T3,4,A
moc40b605,T3,5,A
moc40b605,T3,6,A
moc40b605,T3,7,A
moc40b605,T3,8,A
moc40b605,T3,9,A
moc40b605,T3,10,A
moc40b605,T3,11,A
moc40b605,T3,12,A
moc40b605,T3,13,A
moc40b605,T3,14,A
moc40b605,T3,15,A
moc81ca3f,T3,0,A
moc81ca3f,T3,1,A
moc81ca3f,T3,2,A
moc81ca3f,T3,3,A
moc81ca3f,T3,4,A
moc81ca3f,T3,5,A
moc81ca3f,T3,6,A
moc81ca3f,T3,7,A
moc81ca3f,T3,8,A
moc81ca3f,T3,9,A
moc81ca3f,T3,10,B
moc81ca3f,T3,11,A
moc81ca3f,T3,12,A
moc81ca3f,T3,13,A
moc81ca3f,T3,14,A
moc81ca3f,T3,15,A
moc12f23b,T3,0,A
moc12f23b,T3,1,A
moc12f23b,T3,2,A
moc12f23b,T3,3,A
moc12f23b,T3,4,A
moc12f23b,T3,5,A
moc12f23b,T3,6,A
moc12f23b,T3,7,A
moc12f23b,T3,8,A
moc12f23b,T3,9,A
moc12f23b,T3,10,A
moc12f23b,T3,11,A
moc12f23b,T3,12,A
moc12f23b,T3,13,A
moc12f23b,T3,14,A
moc12f23b,T3,15,A
mocb06f32,T3,0,A
mocb06f32,T3,1,A
mocb06f32,T3,2,A
mocb06f32,T3,3,A
mocb06f32,T3,4,A
mocb06f32,T3,5,A
mocb06f32,T3,6,A
mocb06f32,T3,7,A
mocb06f32,T3,8,A
mocb06f32,T3,9,A
mocb06f32,T3,10,A
mocb06f32,T3,11,A
mocb06f32,T3,12,A
mocb06f32,T3,13,A
mocb06f32,T3,14,A
mocb06f32,T3,15,A
moc160f45,T3,0,A
moc160f45,T3,1,B
moc160f45,T3,2,B
moc160f45,T3,3,B
moc160f45,T3,4,A
moc160f45,T3,5,B
moc160f45,T3,6,B
moc160f45,T3,7,B
moc160f45,T3,8,B
moc160f45,T3,9,B
moc160f45,T3,10,B
moc160f45,T3,11,A
moc160f45,T3,12,B
moc160f45,T3,13,B
moc160f45,T3,14,B
moc160f45,T3,15,B
moca9f134,T2,0,A
moca9f134,T2,1,A
moca9f134,T2,2,B
moca9f134,T2,3,A
moca9f134,T2,4,A
moca9f134,T2,5,A
moca9f134,T2,6,B
moca9f134,T2,7,B
moca9f134,T2,8,B
moca9f134,T2,9,A
moca9f134,T2,10,B
moca9f134,T2,11,B
moca9f134,T2,12,B
moca9f134,T2,13,A
moca9f134,T2,14,A
moca9f134,T2,15,A
moc44de50,T3,0,A
moc44de50,T3,1,A
moc44de50,T3,2,A
moc44de50,T3,3,A
moc44de50,T3,4,A
moc44de50,T3,5,A
moc44de50,T3,6,A
moc44de50,T3,7,A
moc44de50,T3,8,A
moc44de50,T3,9,A
moc44de50,T3,10,A
moc44de50,T3,11,A
moc44de50,T3,12,A
moc44de50,T3,13,A
moc44de50,T3,14,A
moc44de50,T3,15,A
moc3e85ee,T3,0,B
moc3e85ee,T3,1,A
moc3e85ee,T3,2,B
moc3e85ee,T3,3,A
moc3e85ee,T3,4,B
moc3e85ee,T3,5,B
moc3e85ee,T3,6,B
moc3e85ee,T3,7,B
moc3e85ee,T3,8,B
moc3e85ee,T3,9,A
moc3e85ee,T3,10,B
moc3e85ee,T3,11,B
moc3e85ee,T3,12,B
moc3e85ee,T3,13,A
moc3e85ee,T3,14,B
moc3e85ee,T3,15,B
moc6b1777,T2,0,A
moc6b1777,T2,1,B
moc6b1777,T2,2,A
moc6b1777,T2,3,A
moc6b1777,T2,4,A
moc6b1777,T2,5,B
moc6b1777,T2,6,A
moc6b1777,T2,7,B
moc6b1777,T2,8,A
moc6b1777,T2,9,B
moc6b1777,T2,10,A
moc6b1777,T2,11,B
moc6b1777,T2,12,B
moc6b1777,T2,13,A
moc6b1777,T2,14,A
moc6b1777,T2,15,B
moce3002a,T3,0,A
moce3002a,T3,1,A
moce3002a,T3,2,A
moce3002a,T3,3,A
moce3002a,T3,4,A
moce3002a,T3,5,A
moce3002a,T3,6,A
moce3002a,T3,7,A
moce3002a,T3,8,A
moce3002a,T3,9,A
moce3002a,T3,10,A
moce3002a,T3,11,A
moce3002a,T3,12,A
moce3002a,T3,13,A
moce3002a,T3,14,A
moce3002a,T3,15,A
mocdc24a4,T2,0,B
mocdc24a4,T2,1,B
mocdc24a4,T2,2,B
mocdc24a4,T2,3,B
mocdc24a4,T2,4,B
mocdc24a4,T2,5,B
mocdc24a4,T2,6,B
mocdc24a4,T2,7,B
mocdc24a4,T2,8,B
mocdc24a4,T2,9,B
mocdc24a4,T2,10,B
mocdc24a4,T2,11,B
mocdc24a4,T2,12,B
mocdc24a4,T2,13,B
mocdc24a4,T2,14,B
mocdc24a4,T2,15,B
moc76e1f2,T2,0,A
moc76e1f2,T2,1,A
moc76e1f2,T2,2,A
moc76e1f2,T2,3,A
moc76e1f2,T2,4,A
moc76e1f2,T2,5,A
moc76e1f2,T2,6,A
moc76e1f2,T2,7,A
moc76e1f2,T2,8,A
moc76e1f2,T2,9,A
moc76e1f2,T2,10,A
moc76e1f2,T2,11,A
moc76e1f2,T2,12,A
moc76e1f2,T2,13,A
moc76e1f2,T2,14,A
moc76e1f2,T2,15,A
mocbd3637,T3,0,B
mocbd3637,T3,1,A
mocbd3637,T3,2,A
mocbd3637,T3,3,A
mocbd3637,T3,4,A
mocbd3637,T3,5,A
mocbd3637,T3,6,A
mocbd3637,T3,7,B
mocbd3637,T3,8,A
mocbd3637,T3,9,A
mocbd3637,T3,10,A
mocbd3637,T3,11,A
mocbd3637,T3,12,A
mocbd3637,T3,13,A
mocbd3637,T3,14,A
mocbd3637,T3,15,A
mocf6e4dd,T3,0,A
mocf6e4dd,T3,1,A
mocf6e4dd,T3,2,A
mocf6e4dd,T3,3,A
mocf6e4dd,T3,4,A
mocf6e4dd,T3,5,A
mocf6e4dd,T3,6,A
mocf6e4dd,T3,7,A
mocf6e4dd,T3,8,A
mocf6e4dd,T3,9,A
mocf6e4dd,T3,10,A
mocf6e4dd,T3,11,A
mocf6e4dd,T3,12,A
mocf6e4dd,T3,13,A
mocf6e4dd,T3,14,A
mocf6e4dd,T3,15,A
